"Rank","WSIT","Overall","Team","Pos","Bye","Best","Worst","Avg","Std Dev","ADP","vs. ADP"
"1","","Todd Gurley","LAR","RB1","12","1","1","1.0","0.0","1.0","0.0"
"2","","Saquon Barkley","NYG","RB2","9","2","4","2.6","0.5","6.0","+4.0"
"3","","Ezekiel Elliott","DAL","RB3","8","2","8","4.7","1.3","4.0","+1.0"
"4","","Melvin Gordon","LAC","RB4","8","2","8","4.9","2.2","11.0","+7.0"
"5","","Kareem Hunt","KC","RB5","12","2","12","5.6","2.6","9.0","+4.0"
"6","","Antonio Brown","PIT","WR1","7","5","8","5.6","0.7","5.0","-1.0"
"7","","Alvin Kamara","NO","RB6","6","4","24","6.9","1.9","7.0","0.0"
"8","","Adam Thielen","MIN","WR2","10","2","17","8.1","3.4","32.0","+24.0"
"9","","DeAndre Hopkins","HOU","WR3","10","6","16","10.6","2.9","10.0","+1.0"
"10","","Joe Mixon","CIN","RB7","9","7","16","11.6","2.0","23.0","+13.0"
"11","","Davante Adams","GB","WR4","7","6","21","13.0","2.5","18.0","+7.0"
"12","","Julio Jones","ATL","WR5","8","9","17","13.3","3.1","14.0","+2.0"
"13","","Michael Thomas","NO","WR6","6","5","21","13.7","3.0","16.0","+3.0"
"14","","David Johnson","ARI","RB8","9","8","27","14.6","4.1","3.0","-11.0"
"15","","Christian McCaffrey","CAR","RB9","4","12","25","14.7","2.3","15.0","0.0"
"16","","Odell Beckham Jr.","NYG","WR7","9","9","21","15.0","2.3","12.0","-4.0"
"17","","Tyreek Hill","KC","WR8","12","11","27","16.1","3.0","27.0","+10.0"
"18","","James Conner","PIT","RB10","7","7","59","17.7","11.2","153.0","+135.0"
"19","","A.J. Green","CIN","WR9","9","14","24","18.3","2.4","22.0","+3.0"
"20","","James White","NE","RB11","11","12","37","22.0","4.9","117.0","+97.0"
"21","","Mark Ingram","NO","RB12","6","13","32","22.6","5.6","51.0","+30.0"
"22","","Travis Kelce","KC","TE1","12","19","29","23.1","0.3","28.0","+6.0"
"23","","Mike Evans","TB","WR10","5","18","34","23.6","3.3","25.0","+2.0"
"24","","Sony Michel","NE","RB13","11","15","40","24.1","5.8","72.0","+48.0"
"25","","JuJu Smith-Schuster","PIT","WR11","7","20","40","25.7","2.4","41.0","+16.0"
"26","","Zach Ertz","PHI","TE2","9","20","29","26.3","2.6","39.0","+13.0"
"27","","Keenan Allen","LAC","WR12","8","17","45","28.1","5.6","19.0","-8.0"
"28","","Kerryon Johnson","DET","RB14","6","20","43","29.1","5.5","62.0","+34.0"
"29","","Robert Woods","LAR","WR13","12","26","38","29.3","2.7","86.0","+57.0"
"30","","Stefon Diggs","MIN","WR14","10","23","38","29.4","1.0","29.0","-1.0"
"31","","Brandin Cooks","LAR","WR15","12","21","39","32.1","3.5","46.0","+15.0"
"32","","Marlon Mack","IND","RB15","9","20","50","33.6","7.7","96.0","+64.0"
"33","","Adrian Peterson","WAS","RB16","4","20","42","34.1","2.0","102.0","+69.0"
"34","","Patrick Mahomes","KC","QB1","12","31","50","35.1","1.6","110.0","+76.0"
"35","","T.Y. Hilton","IND","WR16","9","26","46","36.6","5.4","30.0","-5.0"
"36","","Nick Chubb","CLE","RB17","11","32","47","39.6","4.2","112.0","+76.0"
"37","","Emmanuel Sanders","DEN","WR17","10","27","49","39.7","7.2","75.0","+38.0"
"38","","Alshon Jeffery","PHI","WR18","9","28","60","39.9","5.7","73.0","+35.0"
"39","","Tarik Cohen","CHI","RB18","5","26","55","41.0","4.7","90.0","+51.0"
"40","","Tevin Coleman","ATL","RB19","8","25","56","41.4","9.0","63.0","+23.0"
"41","","Leonard Fournette","JAC","RB20","9","22","63","42.1","10.6","8.0","-33.0"
"42","","Rob Gronkowski","NE","TE3","11","26","70","42.3","5.9","21.0","-21.0"
"43","","Phillip Lindsay","DEN","RB21","10","25","62","42.7","10.2","374.0","+331.0"
"44","","Kenny Golladay","DET","WR19","6","32","57","44.3","3.6","143.0","+99.0"
"45","","Aaron Rodgers","GB","QB2","7","31","70","44.9","6.9","24.0","-21.0"
"46","","Jarvis Landry","CLE","WR20","11","38","61","49.1","6.9","43.0","-3.0"
"47","","Cooper Kupp","LAR","WR21","12","35","65","50.0","7.3","87.0","+40.0"
"48","","Jordan Howard","CHI","RB22","5","40","58","51.7","4.1","20.0","-28.0"
"49","","Tyler Boyd","CIN","WR22","9","37","66","52.1","5.6","360.0","+311.0"
"50","","Chris Carson","SEA","RB23","7","35","83","53.4","11.8","82.0","+32.0"
"51","","Golden Tate","PHI","WR23","9","41","78","55.9","11.3","54.0","+3.0"
"52","","Julian Edelman","NE","WR24","11","47","76","56.0","7.2","71.0","+19.0"
"53","","Marvin Jones","DET","WR25","6","45","71","57.1","8.5","53.0","0.0"
"54","","Cam Newton","CAR","QB3","4","41","67","58.0","7.5","56.0","+2.0"
"55","","Lamar Miller","HOU","RB24","10","44","86","58.1","8.9","45.0","-10.0"
"56","","Josh Gordon","NE","WR26","11","38","87","58.6","10.7","50.0","-6.0"
"57","","Le'Veon Bell","PIT","RB25","7","20","129","58.9","20.9","2.0","-55.0"
"58","","John Brown","BAL","WR27","10","43","76","59.1","5.9","158.0","+100.0"
"59","","Doug Baldwin","SEA","WR28","7","39","89","59.6","14.9","38.0","-21.0"
"60","","Tom Brady","NE","QB4","11","49","99","61.7","5.6","44.0","-16.0"
"61","","George Kittle","SF","TE4","11","60","77","64.3","3.2","129.0","+68.0"
"62","","Drew Brees","NO","QB5","6","42","110","64.4","9.6","60.0","-2.0"
"63","","Andrew Luck","IND","QB6","9","53","79","64.6","8.3","83.0","+20.0"
"64","","Dalvin Cook","MIN","RB26","10","52","73","65.1","5.9","13.0","-51.0"
"65","","Kenyan Drake","MIA","RB27","11","46","89","67.3","12.8","33.0","-32.0"
"66","","Matt Ryan","ATL","QB7","8","53","100","69.6","10.7","100.0","+34.0"
"67","","Matt Breida","SF","RB28","11","53","96","71.4","9.3","125.0","+58.0"
"68","","Jimmy Graham","GB","TE5","7","62","106","72.0","5.5","49.0","-19.0"
"69","","Isaiah Crowell","NYJ","RB29","11","55","102","76.6","10.5","89.0","+20.0"
"70","","Kirk Cousins","MIN","QB8","10","57","100","76.7","11.0","78.0","+8.0"
"71","","Dion Lewis","TEN","RB30","8","55","99","79.9","12.2","61.0","-10.0"
"72","","David Njoku","CLE","TE6","11","66","114","84.3","9.9","109.0","+37.0"
"73","","Carson Wentz","PHI","QB9","9","59","110","87.3","7.5","70.0","-3.0"
"74","","DeSean Jackson","TB","WR29","5","60","101","87.3","8.0","189.0","+115.0"
"75","","Ben Roethlisberger","PIT","QB10","7","72","115","94.6","8.5","93.0","+18.0"
"76","","Philip Rivers","LAC","QB11","8","71","110","96.6","5.0","101.0","+25.0"
"77","","Alex Collins","BAL","RB31","10","46","94","55.7","4.6","31.0","-46.0"
"78","","LeSean McCoy","BUF","RB32","11","38","85","59.2","8.0","26.0","-52.0"
"79","","Aaron Jones","GB","RB33","7","45","85","65.3","7.9","111.0","+32.0"
"80","","Matthew Stafford","DET","QB12","6","69","116","107.0","7.7","91.0","+11.0"
"81","","Allen Robinson","CHI","WR30","5","48","101","68.0","5.4","52.0","-29.0"
"82","","Jared Goff","LAR","QB13","12","48","98","68.0","9.9","107.0","+25.0"
"83","","Sammy Watkins","KC","WR31","12","39","81","70.7","5.2","80.0","-3.0"
"84","","Trey Burton","CHI","TE7","5","66","123","76.2","5.1","81.0","-3.0"
"85","","Demaryius Thomas","HOU","WR32","10","70","96","81.7","8.0","47.0","-38.0"
"86","","Amari Cooper","DAL","WR33","8","65","111","83.3","8.6","34.0","-52.0"
"87","","Calvin Ridley","ATL","WR34","8","75","101","83.5","3.8","118.0","+31.0"
"88","","Jared Cook","OAK","TE8","7","34","126","84.3","15.9","193.0","+105.0"
"89","","Devin Funchess","CAR","WR35","4","58","97","86.2","8.2","85.0","-4.0"
"90","","Tyler Lockett","SEA","WR36","7","63","105","87.2","11.9","148.0","+58.0"
"91","","Deshaun Watson","HOU","QB14","10","72","95","87.3","4.2","36.0","-55.0"
"92","","Michael Crabtree","BAL","WR37","10","50","103","88.8","7.1","68.0","-24.0"
"93","","Corey Davis","TEN","WR38","8","61","118","89.8","11.4","65.0","-28.0"
"94","","Courtland Sutton","DEN","WR39","10","66","166","91.0","25.4","182.0","+88.0"
"95","","Chris Thompson","WAS","RB34","4","54","167","93.0","21.4","92.0","-3.0"
"96","","O.J. Howard","TB","TE9","5","73","116","93.7","12.5","147.0","+51.0"
"97","","Peyton Barber","TB","RB35","5","71","131","94.8","11.2","97.0","0.0"
"98","","Doug Martin","OAK","RB36","7","82","136","98.2","10.0","156.0","+58.0"
"99","","Geronimo Allison","GB","WR40","7","79","140","99.0","10.6","174.0","+75.0"
"100","","Russell Wilson","SEA","QB15","7","61","115","99.3","9.9","48.0","-52.0"
"101","","Austin Ekeler","LAC","RB37","8","82","137","99.3","10.2","164.0","+63.0"
"102","","Larry Fitzgerald","ARI","WR41","9","76","110","99.5","4.8","42.0","-60.0"
"103","","Sterling Shepard","NYG","WR42","9","88","119","99.5","5.9","108.0","+5.0"
"104","","Chris Godwin","TB","WR43","5","85","116","100.8","7.3","161.0","+57.0"
"105","","Mitch Trubisky","CHI","QB16","5","67","116","105.7","7.2","176.0","+71.0"
"106","","Marquise Goodwin","SF","WR44","11","76","143","105.8","11.5","64.0","-42.0"
"107","","Jalen Richard","OAK","RB38","7","82","139","107.3","11.2","330.0","+223.0"
"108","","Taylor Gabriel","CHI","WR45","5","78","192","107.5","21.7","357.0","+249.0"
"109","","Jack Doyle","IND","TE10","9","73","156","108.0","11.1","116.0","+7.0"
"110","","Royce Freeman","DEN","RB39","10","86","162","108.2","10.4","40.0","-70.0"
"111","","Greg Olsen","CAR","TE11","4","75","139","109.5","21.6","59.0","-52.0"
"112","","Latavius Murray","MIN","RB40","10","64","150","111.7","8.7","130.0","+18.0"
"113","","Jordan Reed","WAS","TE12","4","94","131","112.0","11.1","88.0","-25.0"
"114","","Jordy Nelson","OAK","WR46","7","88","145","115.7","16.6","84.0","-30.0"
"115","","Andy Dalton","CIN","QB17","9","112","125","116.5","2.1","179.0","+64.0"
"116","","Ito Smith","ATL","RB41","8","94","136","117.7","11.3","410.0","+294.0"
"117","","Mohamed Sanu","ATL","WR47","8","107","144","118.8","10.1","151.0","+34.0"
"118","","Eric Ebron","IND","TE13","9","37","139","120.5","7.1","167.0","+49.0"
"119","","Evan Engram","NYG","TE14","9","96","139","122.3","8.9","66.0","-53.0"
"120","","Christian Kirk","ARI","WR48","9","111","176","123.3","6.5","209.0","+89.0"
"121","","T.J. Yeldon","JAC","RB42","9","91","188","126.3","18.4","200.0","+79.0"
"122","","Duke Johnson","CLE","RB43","11","95","190","126.5","5.9","106.0","-16.0"
"123","","Baker Mayfield","CLE","QB18","11","116","194","128.2","7.5","236.0","+113.0"
"124","","Kyle Rudolph","MIN","TE15","10","119","147","128.2","4.7","74.0","-50.0"
"125","","Carlos Hyde","JAC","RB44","9","109","156","128.5","10.0","58.0","-67.0"
"126","","Randall Cobb","GB","WR49","7","99","164","128.8","18.8","104.0","-22.0"
"127","","Tre'Quan Smith","NO","WR50","6","103","161","128.8","15.5","247.0","+120.0"
"128","","Devante Parker","MIA","WR51","11","99","189","130.0","17.6","119.0","-9.0"
"129","","Austin Hooper","ATL","TE16","8","118","147","131.7","9.0","210.0","+81.0"
"130","","Keke Coutee","HOU","WR52","10","102","160","132.2","10.3","322.0","+192.0"
"131","","Nyheim Hines","IND","RB45","9","111","179","134.7","13.3","206.0","+75.0"
"132","","Dak Prescott","DAL","QB19","8","118","195","135.2","10.5","136.0","+4.0"
"133","","Corey Clement","PHI","RB46","9","90","171","135.5","15.5","132.0","-1.0"
"134","","Mike Williams","LAC","WR53","8","113","165","135.7","11.3","123.0","-11.0"
"135","","Derrick Henry","TEN","RB47","8","124","151","136.3","9.6","35.0","-100.0"
"136","","Robby Anderson","NYJ","WR54","11","105","169","137.3","15.3","95.0","-41.0"
"137","","Frank Gore","MIA","RB48","11","92","235","137.5","7.4","183.0","+46.0"
"138","","Dede Westbrook","JAC","WR55","9","124","158","138.0","8.0","169.0","+31.0"
"139","","Wendell Smallwood","PHI","RB49","9","95","237","138.5","21.1","367.0","+228.0"
"140","","Nelson Agholor","PHI","WR56","9","104","183","140.8","22.3","103.0","-37.0"
"141","","Joe Flacco","BAL","QB20","10","123","162","141.5","6.9","248.0","+107.0"
"142","","Vance McDonald","PIT","TE17","7","103","171","142.8","9.9","235.0","+93.0"
"143","","Jamaal Williams","GB","RB50","7","128","156","143.0","5.3","67.0","-76.0"
"144","","Alex Smith","WAS","QB21","4","134","163","143.0","6.6","127.0","-17.0"
"145","","Tyrell Williams","LAC","WR57","8","113","246","145.3","31.4","175.0","+30.0"
"146","","Raheem Mostert","SF","RB51","11","116","201","146.3","17.9","",""
"147","","Donte Moncrief","JAC","WR58","9","127","165","148.5","10.0","216.0","+69.0"
"148","","Kenny Stills","MIA","WR59","11","112","183","149.8","14.0","115.0","-33.0"
"149","","Los Angeles (LAR)","","DST1","12","115","172","150.8","9.1","146.0","-3.0"
"150","","Chris Hogan","NE","WR60","11","134","192","151.8","11.6","55.0","-95.0"
"151","","Chicago (CHI)","","DST2","5","133","174","152.7","11.5","194.0","+43.0"
"152","","Mike Davis","SEA","RB52","7","147","180","157.0","6.0","",""
"153","","C.J. Uzomah","CIN","TE18","9","127","165","157.2","6.3","",""
"154","","Keelan Cole","JAC","WR61","9","138","179","158.0","8.8","131.0","-23.0"
"155","","Jacksonville (JAC)","","DST3","9","141","177","160.2","8.8","140.0","-15.0"
"156","","D.J. Moore","CAR","WR62","4","120","226","160.8","30.4","128.0","-28.0"
"157","","Quincy Enunwa","NYJ","WR63","11","125","191","160.8","14.6","257.0","+100.0"
"158","","Javorius Allen","BAL","RB53","10","88","223","161.2","21.0","227.0","+69.0"
"159","","Willie Snead","BAL","WR64","10","112","190","162.8","10.7","307.0","+148.0"
"160","","Baltimore (BAL)","","DST4","10","106","213","163.8","8.1","170.0","+10.0"
"161","","Marquez Valdes-Scantling","GB","WR65","7","96","199","164.5","23.5","413.0","+252.0"
"162","","Derek Carr","OAK","QB22","7","115","181","165.3","9.9","135.0","-27.0"
"163","","Giovani Bernard","CIN","RB54","9","135","200","168.0","11.2","144.0","-19.0"
"164","","Minnesota (MIN)","","DST5","10","162","210","170.8","7.2","150.0","-14.0"
"165","","David Moore","SEA","WR66","7","128","243","171.0","15.6","391.0","+226.0"
"166","","Marcus Mariota","TEN","QB23","8","145","215","171.0","19.4","137.0","-29.0"
"167","","Benjamin Watson","NO","TE19","6","147","199","171.2","10.9","184.0","+17.0"
"168","","Ryan Fitzpatrick","TB","QB24","5","116","287","172.0","57.4","287.0","+119.0"
"169","","Ricky Seals-Jones","ARI","TE20","9","144","210","172.0","11.7","192.0","+23.0"
"170","","Chris Ivory","BUF","RB55","11","136","236","173.7","7.4","234.0","+64.0"
"171","","Case Keenum","DEN","QB25","10","150","231","174.0","10.2","180.0","+9.0"
"172","","Ronald Jones II","TB","RB56","5","129","261","176.5","28.2","99.0","-73.0"
"173","","Antonio Callaway","CLE","WR67","11","131","206","176.7","16.1","284.0","+111.0"
"174","","Eli Manning","NYG","QB26","9","160","190","177.2","6.8","160.0","-14.0"
"175","","Houston (HOU)","","DST6","10","160","200","177.3","8.4","173.0","-2.0"
"176","","Jamison Crowder","WAS","WR68","4","147","236","177.5","14.6","105.0","-71.0"
"177","","Danny Amendola","MIA","WR69","11","151","225","180.2","20.8","217.0","+40.0"
"178","","Alfred Morris","SF","RB57","11","149","217","183.0","16.1","122.0","-56.0"
"179","","Hayden Hurst","BAL","TE21","10","146","251","183.8","15.6","231.0","+52.0"
"180","","Cole Beasley","DAL","WR70","8","152","224","186.2","12.3","243.0","+63.0"
"181","","Philadelphia (PHI)","","DST7","9","169","247","187.5","17.1","155.0","-26.0"
"182","","Kelvin Benjamin","BUF","WR71","11","160","218","187.8","15.2","113.0","-69.0"
"183","","Blake Bortles","JAC","QB27","9","135","251","190.5","29.9","201.0","+18.0"
"184","","Paul Richardson","WAS","WR72","4","154","209","192.7","8.6","202.0","+18.0"
"185","","Stephen Gostkowski","NE","K1","11","182","266","192.8","10.7","120.0","-65.0"
"186","","Chester Rogers","IND","WR73","9","166","217","193.2","10.5","325.0","+139.0"
"187","","Anthony Miller","CHI","WR74","5","156","219","193.3","12.7","162.0","-25.0"
"188","","Denver (DEN)","","DST8","10","169","267","196.0","21.2","177.0","-11.0"
"189","","Chris Herndon IV","NYJ","TE22","11","177","247","198.0","20.7","417.0","+228.0"
"190","","Pierre Garcon","SF","WR75","11","172","226","198.3","8.0","98.0","-92.0"
"191","","C.J. Beathard","SF","QB28","11","142","256","198.8","29.7","",""
"192","","Rashaad Penny","SEA","RB58","7","154","223","198.8","9.5","79.0","-113.0"
"193","","Devontae Booker","DEN","RB59","10","133","274","199.2","23.9","124.0","-69.0"
"194","","Ty Montgomery","BAL","RB60","10","157","244","199.5","17.2","133.0","-61.0"
"195","","Justin Tucker","BAL","K2","10","174","264","199.5","18.3","138.0","-57.0"
"196","","Elijah McGuire","NYJ ","RB61","11","127","324","201.7","51.1","311.0","+115.0"
"197","","Cameron Brate","TB","TE23","5","163","288","203.3","20.5","198.0","+1.0"
"198","","Cameron Meredith","NO","WR76","6","161","239","203.8","18.0","178.0","-20.0"
"199","","Dallas Goedert","PHI","TE24","9","178","239","204.3","22.7","250.0","+51.0"
"200","","LeGarrette Blount","DET","RB62","6","126","318","205.2","27.9","141.0","-59.0"
"201","","Sam Darnold","NYJ","QB29","11","158","242","206.0","23.1","245.0","+44.0"
"202","","Wil Lutz","NO","K3","6","186","228","206.8","12.3","154.0","-48.0"
"203","","Spencer Ware","KC","RB63","12","151","250","207.8","37.8","181.0","-22.0"
"204","","Seattle (SEA)","","DST9","7","114","297","210.7","7.3","229.0","+25.0"
"205","","Josh Adams","PHI","RB64","9","119","318","184.0","53.6","",""
"206","","Taywan Taylor","TEN","WR77","8","191","241","211.3","10.5","259.0","+53.0"
"207","","Michael Gallup","DAL","WR78","8","187","255","213.2","15.9","142.0","-65.0"
"208","","Harrison Butker","KC","K4","12","195","265","213.2","6.2","157.0","-51.0"
"209","","Ryan Grant","IND","WR79","9","158","266","213.3","9.9","265.0","+56.0"
"210","","Jeff Heuerman","DEN","TE25","10","183","248","213.7","23.9","407.0","+197.0"
"211","","Martavis Bryant","OAK","WR80","7","188","258","215.8","18.4","197.0","-14.0"
"212","","Jakeem Grant","MIA","WR81","11","196","248","218.0","7.8","",""
"213","","D'Onta Foreman","HOU ","RB65","10","102","244","195.2","29.1","168.0","-45.0"
"214","","Tennessee (TEN)","","DST10","8","167","283","221.5","15.2","228.0","+14.0"
"215","","Josh Doctson","WAS","WR82","4","207","256","224.2","14.4","145.0","-70.0"
"216","","Charles Clay","BUF","TE26","11","193","286","226.0","26.8","215.0","-1.0"
"217","","Jermaine Kearse","NYJ","WR83","11","187","313","226.3","18.0","276.0","+59.0"
"218","","Theo Riddick","DET","RB66","6","159","260","203.6","20.6","187.0","-31.0"
"219","","Los Angeles (LAC)","","DST11","8","167","297","204.8","23.7","163.0","-56.0"
"220","","Cleveland (CLE)","","DST12","11","162","237","206.6","22.4","237.0","+17.0"
"221","","Jordan Wilkins","IND","RB67","9","210","258","230.2","6.0","149.0","-72.0"
"222","","Matt Bryant","ATL","K5","8","187","273","207.2","20.1","166.0","-56.0"
"223","","Greg Zuerlein","LAR","K6","12","174","264","232.5","29.9","126.0","-97.0"
"224","","Carolina (CAR)","","DST13","4","198","231","210.8","7.3","195.0","-29.0"
"225","","New York (NYJ)","","DST14","11","181","264","212.4","7.4","359.0","+134.0"
"226","","Alfred Blue","HOU","RB68","10","204","261","235.7","17.4","339.0","+113.0"
"227","","Jameis Winston","TB","QB30","5","89","308","213.6","57.0","152.0","-75.0"
"228","","Jake Elliott","PHI","K7","9","195","271","214.2","8.4","159.0","-69.0"
"229","","Tajae Sharpe","TEN","WR84","8","146","278","214.4","45.6","",""
"230","","New England (NE)","","DST15","11","200","263","217.0","9.0","196.0","-34.0"
"231","","Josh Rosen","ARI","QB31","9","182","258","239.7","7.8","274.0","+43.0"
"232","","Phillip Dorsett","NE","WR85","11","206","282","240.7","4.8","239.0","+7.0"
"233","","Dan Bailey","MIN","K8","10","203","236","220.6","7.3","211.0","-22.0"
"234","","Matt Prater","DET","K9","6","207","235","221.0","8.0","185.0","-49.0"
"235","","Washington (WAS)","","DST16","4","175","371","242.3","28.7","314.0","+79.0"
"236","","Ed Dickson","SEA","TE27","7","177","361","243.0","26.7","415.0","+179.0"
"237","","Darren Sproles","PHI","RB69","9","178","296","222.8","35.2","262.0","+25.0"
"238","","Zay Jones","BUF","WR86","11","218","266","244.0","12.0","288.0","+50.0"
"239","","Mason Crosby","GB","K10","7","207","252","225.8","9.9","191.0","-48.0"
"240","","Allen Hurns","DAL","WR87","8","193","280","227.8","19.1","121.0","-119.0"
"241","","Kenneth Dixon","BAL ","RB70","10","145","266","228.0","26.5","246.0","+5.0"
"242","","Chris Boswell","PIT","K11","7","222","262","228.4","4.4","171.0","-71.0"
"243","","Cordarrelle Patterson","NE","WR88","11","196","281","249.5","17.4","269.0","+26.0"
"244","","Seth Roberts","OAK","WR89","7","202","325","233.0","26.2","405.0","+161.0"
"245","","C.J. Anderson","CAR","RB71","4","219","251","233.2","8.4","114.0","-131.0"
"246","","John Ross","CIN","WR90","9","197","268","237.8","21.7","204.0","-42.0"
"247","","Kyle Juszczyk","SF","RB72","11","170","259","239.8","9.2","385.0","+138.0"
"248","","Green Bay (GB)","","DST17","7","208","333","258.7","27.8","238.0","-10.0"
"249","","Geoff Swaim","DAL","TE28","8","185","341","259.0","26.5","332.0","+83.0"
"250","","Rashard Higgins","CLE","WR91","11","197","279","241.4","21.6","343.0","+93.0"
"251","","Malcolm Brown","LAR","RB73","12","156","299","242.2","45.0","281.0","+30.0"
"252","","Curtis Samuel","CAR","WR92","4","209","279","260.3","12.7","347.0","+95.0"
"253","","Trenton Cannon","NYJ","RB74","11","167","188","175.3","9.1","",""
"254","","Robbie Gould","SF","K12","11","218","293","246.8","20.1","172.0","-82.0"
"255","","Dante Pettis","SF","WR93","11","222","282","247.0","17.1","286.0","+31.0"
"256","","James Washington","PIT","WR94","7","221","267","247.2","15.2","233.0","-23.0"
"257","","Dallas (DAL)","","DST18","8","183","345","264.2","29.9","240.0","-17.0"
"258","","Jordan Matthews","PHI","WR95","9","170","248","223.0","31.0","305.0","+47.0"
"259","","Graham Gano","CAR","K13","4","227","263","249.8","6.6","212.0","-47.0"
"260","","Nick Vannett","SEA","TE29","7","211","295","266.5","19.1","275.0","+15.0"
"261","","Adam Vinatieri","IND","K14","9","224","265","251.8","14.8","208.0","-53.0"
"262","","New Orleans (NO)","","DST19","6","237","301","252.0","12.9","186.0","-76.0"
"263","","Cincinnati (CIN)","","DST20","9","232","312","252.4","12.7","295.0","+32.0"
"264","","Miami (MIA)","","DST21","11","226","284","253.8","15.5","353.0","+89.0"
"265","","Adam Humphries","TB","WR96","5","180","315","254.4","21.6","320.0","+55.0"
"266","","Ryan Succop","TEN","K15","8","236","297","255.2","12.4","221.0","-45.0"
"267","","Rod Smith","DAL","RB75","8","179","290","255.4","23.2","256.0","-11.0"
"268","","Jesse James","PIT","TE30","7","171","303","259.2","38.5","263.0","-5.0"
"269","","Brock Osweiler","MIA","QB32","11","244","292","259.6","11.6","",""
"270","","Pittsburgh (PIT)","","DST22","7","229","311","262.0","27.3","188.0","-82.0"
"271","","Antonio Gates","LAC","TE31","8","247","299","276.5","15.2","232.0","-39.0"
"272","","Trent Taylor","SF","WR97","11","221","286","262.6","24.3","328.0","+56.0"
"273","","Rishard Matthews","NYJ","WR98","11","237","294","263.2","22.3","165.0","-108.0"
"274","","Josh Lambo","JAC","K16","9","249","275","263.8","7.7","223.0","-51.0"
"275","","Chase Edmonds","ARI","RB76","9","225","286","264.0","8.9","251.0","-24.0"
"276","","Brandon McManus","DEN","K17","10","246","289","265.0","11.8","222.0","-54.0"
"277","","Buffalo (BUF)","","DST23","11","184","344","278.8","42.0","294.0","+17.0"
"278","","Cody Parkey","CHI","K18","5","251","289","265.4","12.2","329.0","+51.0"
"279","","Chris Conley","KC","WR99","12","242","277","265.8","11.9","",""
"280","","Arizona (ARI)","","DST24","9","204","343","266.6","27.1","218.0","-62.0"
"281","","Wayne Gallman","NYG","RB77","9","241","277","267.0","5.8","268.0","-13.0"
"282","","Ryan Tannehill","MIA","QB33","11","216","305","267.2","22.0","249.0","-33.0"
"283","","Laquon Treadwell","MIN","WR100","10","186","312","269.4","22.0","316.0","+33.0"
"284","","Mike Gesicki","MIA","TE32","11","247","301","269.6","14.6","205.0","-79.0"
"285","","Josh Reynolds","LAR","WR101","12","211","367","255.0","64.9","",""
"286","","Chad Williams","ARI","WR102","9","238","288","269.8","9.8","341.0","+55.0"
"287","","D.J. Chark","JAC","WR103","9","155","346","273.4","27.3","315.0","+28.0"
"288","","Torrey Smith","CAR","WR104","4","198","297","274.2","15.5","326.0","+38.0"
"289","","Josh Allen","BUF","QB34","11","260","286","275.0","4.9","261.0","-28.0"
"290","","Equanimeous St. Brown","GB","WR105","7","250","300","276.0","15.9","378.0","+88.0"
"291","","Travis Benjamin","LAC","WR106","8","262","297","276.8","12.6","271.0","-20.0"
"292","","Ka'imi Fairbairn","HOU","K19","10","224","303","279.6","9.8","280.0","-12.0"
"293","","Mark Andrews","BAL","TE33","10","232","343","279.6","24.7","319.0","+26.0"
"294","","Jordan Thomas","HOU","TE34","10","246","342","279.6","35.3","",""
"295","","Terrelle Pryor","BUF","WR107","11","217","362","266.5","57.0","277.0","-18.0"
"296","","Tavon Austin","DAL","WR108","8","257","295","280.0","8.8","289.0","-7.0"
"297","","Caleb Sturgis","LAC","K20","8","269","290","282.0","1.7","283.0","-14.0"
"298","","Chandler Catanzaro","TB","K21","5","257","302","282.2","8.4","300.0","+2.0"
"299","","DeAndre Washington","OAK","RB78","7","227","357","286.8","45.8","366.0","+67.0"
"300","","Vernon Davis","WAS","TE35","4","240","310","286.6","17.6","260.0","-40.0"
"301","","Randy Bullock","CIN","K22","9","278","311","287.8","11.9","356.0","+55.0"
"302","","Jaron Brown","SEA","WR109","7","258","284","273.3","10.2","309.0","+7.0"
"303","","Samaje Perine","WAS","RB79","4","260","291","273.5","11.1","226.0","-77.0"
"304","","Lamar Jackson","BAL","QB35","10","250","299","292.2","4.7","252.0","-52.0"
"305","","Dontrelle Inman","IND","WR110","9","237","277","257.7","16.4","",""
"306","","Luke Willson","DET","TE36","6","259","338","294.2","27.2","291.0","-15.0"
"307","","Jacquizz Rodgers","TB","RB80","5","241","320","294.8","15.6","364.0","+57.0"
"308","","Brett Maher","DAL","K23","8","267","303","284.0","13.7","279.0","-29.0"
"309","","John Kelly","LAR","RB81","12","272","307","284.3","13.6","225.0","-84.0"
"310","","Jason Myers","NYJ","K24","11","229","335","284.8","40.3","",""
"311","","Marcus Murphy","BUF","RB82","11","252","334","286.8","31.4","371.0","+60.0"
"312","","Kenjon Barner","NE","RB83","11","219","234","226.5","7.5","",""
"313","","Dustin Hopkins","WAS","K25","4","247","307","300.6","6.7","272.0","-41.0"
"314","","Steven Hauschka","BUF","K26","11","291","318","300.6","6.8","258.0","-56.0"
"315","","Robert Turbin","IND","RB84","9","263","328","291.8","26.5","394.0","+79.0"
"316","","Brandon Marshall","FA","WR111","","219","261","240.0","21.0","255.0","-61.0"
"317","","Mark Walton","CIN","RB85","9","233","350","305.6","33.5","355.0","+38.0"
"318","","Phil Dawson","ARI","K27","9","285","317","305.8","6.3","273.0","-45.0"
"319","","Ameer Abdullah","DET","RB86","6","281","310","296.0","11.0","270.0","-49.0"
"320","","New York (NYG)","","DST25","9","254","333","306.8","14.5","298.0","-22.0"
"321","","Aldrick Rosas","NYG","K28","9","288","319","306.8","7.7","333.0","+12.0"
"322","","Kendrick Bourne","SF","WR112","11","237","263","250.0","13.0","",""
"323","","Kalen Ballage","MIA","RB87","11","271","334","299.0","25.1","244.0","-79.0"
"324","","Sebastian Janikowski","SEA","K29","7","282","314","299.0","12.1","278.0","-46.0"
"325","","Detroit (DET)","","DST26","6","274","332","310.0","12.5","241.0","-84.0"
"326","","Jonnu Smith","TEN","TE37","8","285","324","304.0","13.8","365.0","+39.0"
"327","","C.J. Prosise","SEA","RB88","7","283","329","307.3","16.6","297.0","-30.0"
"328","","Atlanta (ATL)","","DST27","8","214","388","323.6","32.8","220.0","-108.0"
"329","","Kevin White","CHI","WR113","5","258","277","267.5","9.5","290.0","-39.0"
"330","","Kansas City (KC)","","DST28","12","200","335","315.8","13.8","224.0","-106.0"
"331","","Ryan Griffin","HOU","TE38","10","275","348","316.2","26.8","293.0","-38.0"
"332","","Tampa Bay (TB)","","DST29","5","293","397","316.4","12.5","317.0","-15.0"
"333","","Devonta Freeman","ATL ","RB89","8","193","193","193.0","0.0","17.0","-316.0"
"334","","Nathan Peterman","BUF","QB36","11","255","331","296.7","31.5","342.0","+8.0"
"335","","Josh McCown","NYJ","QB37","11","285","313","296.7","11.9","308.0","-27.0"
"336","","Rex Burkhead","NE ","RB90","11","202","202","202.0","0.0","69.0","-267.0"
"337","","Brandon LaFell","OAK","WR114","7","264","287","275.5","11.5","375.0","+38.0"
"338","","Maurice Harris","WAS","WR115","4","212","212","212.0","0.0","",""
"339","","Tyler Higbee","LAR","TE39","12","251","355","305.0","42.6","352.0","+13.0"
"340","","Cody Kessler","JAC","QB38","9","277","286","281.5","4.5","",""
"341","","Mike Boone","MIN","RB91","10","280","331","315.3","20.5","",""
"342","","Gerald Everett","LAR","TE40","12","294","336","315.8","15.0","346.0","+4.0"
"343","","Jason Sanders","MIA","K30","11","295","316","305.3","8.6","409.0","+66.0"
"344","","Tyrod Taylor","CLE","QB39","11","302","315","308.0","5.4","213.0","-131.0"
"345","","Josh Hill","NO","TE41","6","290","401","327.7","51.9","",""
"346","","Daniel Carlson","OAK","K31","7","289","299","294.0","5.0","207.0","-139.0"
"347","","Austin Carr","NO","WR116","6","287","306","296.5","9.5","",""
"348","","Kapri Bibbs","WAS","RB92","4","279","315","297.0","18.0","398.0","+50.0"
"349","","San Francisco (SF)","","DST30","11","312","383","334.6","25.4","306.0","-43.0"
"350","","Sam Ficken","FA","K32","","283","312","297.5","14.5","",""
"351","","Kai Forbath","FA","K33","","291","305","298.0","7.0","285.0","-66.0"
"352","","Benny Cunningham","CHI","RB93","5","271","400","332.0","52.9","",""
"353","","Niles Paul","JAC ","TE42","9","250","250","250.0","0.0","",""
"354","","Terrance Williams","DAL ","WR117","8","280","321","300.5","20.5","264.0","-90.0"
"355","","Nick Mullens","SF","QB40","11","254","254","254.0","0.0","",""
"356","","Greg Joseph","CLE","K34","11","292","345","317.3","21.7","",""
"357","","Oakland (OAK)","","DST31","7","311","347","329.8","13.4","302.0","-55.0"
"358","","Indianapolis (IND)","","DST32","9","208","373","334.8","23.1","",""
"359","","Ian Thomas","CAR","TE43","4","299","308","303.5","4.5","",""
"360","","Damien Williams","KC","RB94","12","308","399","339.5","35.2","",""
"361","","Jarius Wright","CAR","WR118","4","265","265","265.0","0.0","",""
"362","","Mike Gillislee","FA","RB95","","267","267","267.0","0.0","312.0","-50.0"
"363","","Nick Foles","PHI","QB41","9","313","328","321.3","6.2","266.0","-97.0"
"364","","Roc Thomas","MIN","RB96","10","311","356","330.5","17.0","",""
"365","","Dez Bryant","FA","WR119","","271","271","271.0","0.0","214.0","-151.0"
"366","","Michael Roberts","DET","TE44","6","304","392","337.3","39.0","",""
"367","","Andre Holmes","BUF","WR120","11","278","278","278.0","0.0","",""
"368","","Jonathan Stewart","NYG ","RB97","9","302","338","325.7","16.7","267.0","-101.0"
"369","","Garrett Celek","SF","TE45","11","300","349","326.0","20.1","299.0","-70.0"
"370","","Chad Kelly","FA","QB42","","283","283","283.0","0.0","",""
"371","","Sam Bradford","ARI","QB43","9","306","325","315.5","9.5","242.0","-129.0"
"372","","Justin Jackson","LAC","RB98","8","317","341","326.3","10.5","402.0","+30.0"
"373","","Robert Kelley","WAS ","RB99","4","309","323","316.0","7.0","203.0","-170.0"
"374","","Derek Anderson","BUF","QB44","11","288","288","288.0","0.0","",""
"375","","Virgil Green","LAC","TE46","8","318","363","333.7","20.8","303.0","-72.0"
"376","","Nick O'Leary","MIA","TE47","11","293","293","293.0","0.0","",""
"377","","J.J. Nelson","ARI","WR121","9","293","369","331.0","38.0","340.0","-37.0"
"378","","Taysom Hill","NO","QB45","6","296","296","296.0","0.0","",""
"379","","Mike Wallace","PHI ","WR122","9","304","342","323.0","19.0","253.0","-126.0"
"380","","Cairo Santos","FA","K35","","300","300","300.0","0.0","327.0","-53.0"
"381","","Luke Stocker","TEN","TE48","8","302","302","302.0","0.0","",""
"382","","Giorgio Tavecchio","ATL","K36","8","305","305","305.0","0.0","",""
"383","","Kendall Wright","FA","WR123","","309","309","309.0","0.0","384.0","+1.0"
"384","","De'Angelo Henderson","NYJ","RB100","11","309","396","352.5","43.5","390.0","+6.0"
"385","","Boston Scott","FA","RB101","","311","311","311.0","0.0","334.0","-51.0"
"386","","Orleans Darkwa","FA","RB102","","312","312","312.0","0.0","363.0","-23.0"
"387","","Jaylen Samuels","PIT","TE49","7","325","344","336.3","8.2","296.0","-91.0"
"388","","Nick Boyle","BAL","TE50","10","314","358","336.0","22.0","",""
"389","","Dan Arnold","NO","WR124","6","319","319","319.0","0.0","",""
"390","","Jordan Akins","HOU","TE51","10","320","380","350.0","30.0","361.0","-29.0"
"391","","Eddy Pineiro","OAK ","K37","7","321","321","321.0","0.0","",""
"392","","Maxx Williams","BAL","TE52","10","322","322","322.0","0.0","",""
"393","","T.J. Logan","ARI","RB103","9","322","322","322.0","0.0","",""
"394","","Rico Gathers","DAL","TE53","8","323","360","341.5","18.5","338.0","-56.0"
"395","","Austin Seferian-Jenkins","JAC ","TE54","9","326","326","326.0","0.0","190.0","-205.0"
"396","","Jay Cutler","FA","QB46","","327","327","327.0","0.0","",""
"397","","A.J. Derby","MIA","TE55","11","327","393","360.0","33.0","",""
"398","","Tyler Kroft","CIN","TE56","9","328","353","340.5","12.5","368.0","-30.0"
"399","","Jacoby Brissett","IND","QB47","9","330","330","330.0","0.0","416.0","+17.0"
"400","","J.D. McKissic","SEA ","RB104","7","330","330","330.0","0.0","335.0","-65.0"
"401","","Adam Shaheen","CHI ","TE57","5","330","378","354.0","24.0","345.0","-56.0"
"402","","Shelton Gibson","PHI","WR125","9","332","332","332.0","0.0","",""
"403","","Javon Wims","CHI","WR126","5","336","336","336.0","0.0","380.0","-23.0"
"404","","DaeSean Hamilton","DEN","WR127","10","339","339","339.0","0.0","408.0","+4.0"
"405","","Ryan Switzer","PIT","WR128","7","347","347","347.0","0.0","",""
"406","","Marcedes Lewis","GB","TE58","7","351","351","351.0","0.0","373.0","-33.0"
"407","","Jacob Hollister","NE","TE59","11","352","352","352.0","0.0","",""
"408","","Chris Moore","BAL","WR129","10","354","354","354.0","0.0","",""
"409","","Cameron Artis-Payne","CAR","RB105","4","359","359","359.0","0.0","348.0","-61.0"
"410","","Carlos Henderson","FA","WR130","","365","365","365.0","0.0","",""
"411","","Lance Kendricks","GB","TE60","7","366","366","366.0","0.0","",""
"412","","Mack Hollins","PHI ","WR131","9","368","368","368.0","0.0","",""
"413","","Corey Coleman","NYG","WR132","9","370","370","370.0","0.0","292.0","-121.0"
"414","","Pharoh Cooper","LAR ","WR133","12","372","372","372.0","0.0","321.0","-93.0"
"415","","Eric Tomlinson","NYJ","TE61","11","374","374","374.0","0.0","395.0","-20.0"
"416","","Auden Tate","CIN","WR134","9","375","375","375.0","0.0","",""
"417","","Paul Perkins","NYG","RB106","9","376","376","376.0","0.0","",""
"418","","Blake Jarwin","DAL","TE62","8","377","377","377.0","0.0","301.0","-117.0"
"419","","Dwayne Allen","NE","TE63","11","379","379","379.0","0.0","",""
"420","","De'Anthony Thomas","KC ","WR135","12","381","381","381.0","0.0","",""
"421","","Jordan Lasley","BAL","WR136","10","382","382","382.0","0.0","",""
"422","","Marcell Ateman","OAK","WR137","7","384","384","384.0","0.0","",""
"423","","Jake Kumerow","GB ","WR138","7","385","385","385.0","0.0","379.0","-44.0"
"424","","Jordan Leggett","NYJ","TE64","11","386","386","386.0","0.0","",""
"425","","Dalton Schultz","DAL","TE65","8","387","387","387.0","0.0","",""
"426","","Levine Toilolo","DET","TE66","6","389","389","389.0","0.0","",""
"427","","Shane Vereen","NO ","RB107","6","390","390","390.0","0.0","387.0","-40.0"
"428","","Jermaine Gresham","ARI","TE67","9","391","391","391.0","0.0","",""
"429","","Seth DeValve","CLE","TE68","11","394","394","394.0","0.0","419.0","-10.0"
"430","","Demetrius Harris","KC","TE69","12","395","395","395.0","0.0","",""
"431","","Logan Thomas","BUF","TE70","11","398","398","398.0","0.0","",""
""
""